{
  "Put Morbidity" : {
    "transaction" : "Put Morbidity",
    "sampleCount" : 500,
    "errorCount" : 0,
    "errorPct" : 0.0,
    "meanResTime" : 2103.9759999999987,
    "medianResTime" : 2069.5,
    "minResTime" : 16.0,
    "maxResTime" : 4037.0,
    "pct1ResTime" : 3037.8,
    "pct2ResTime" : 3200.85,
    "pct3ResTime" : 3431.8900000000003,
    "throughput" : 12.402024010318483,
    "receivedKBytesPerSec" : 3.875632503224526,
    "sentKBytesPerSec" : 4.2753071051195555
  },
  "Delete Morbidity" : {
    "transaction" : "Delete Morbidity",
    "sampleCount" : 500,
    "errorCount" : 0,
    "errorPct" : 0.0,
    "meanResTime" : 2749.224000000002,
    "medianResTime" : 3126.5,
    "minResTime" : 26.0,
    "maxResTime" : 3930.0,
    "pct1ResTime" : 3612.9,
    "pct2ResTime" : 3732.7,
    "pct3ResTime" : 3904.99,
    "throughput" : 13.626948653657474,
    "receivedKBytesPerSec" : 3.503137179085359,
    "sentKBytesPerSec" : 3.8725020099749266
  },
  "Total" : {
    "transaction" : "Total",
    "sampleCount" : 2000,
    "errorCount" : 0,
    "errorPct" : 0.0,
    "meanResTime" : 2038.0975000000055,
    "medianResTime" : 2136.0,
    "minResTime" : 16.0,
    "maxResTime" : 4941.0,
    "pct1ResTime" : 3476.0,
    "pct2ResTime" : 3714.95,
    "pct3ResTime" : 4792.98,
    "throughput" : 47.76803840550288,
    "receivedKBytesPerSec" : 149.6285755123122,
    "sentKBytesPerSec" : 14.472689370417253
  },
  "Post Morbidity" : {
    "transaction" : "Post Morbidity",
    "sampleCount" : 500,
    "errorCount" : 0,
    "errorPct" : 0.0,
    "meanResTime" : 2935.3060000000014,
    "medianResTime" : 3058.5,
    "minResTime" : 73.0,
    "maxResTime" : 4941.0,
    "pct1ResTime" : 4065.000000000001,
    "pct2ResTime" : 4745.2,
    "pct3ResTime" : 4874.98,
    "throughput" : 12.63839037460189,
    "receivedKBytesPerSec" : 2.9621227440473183,
    "sentKBytesPerSec" : 4.653001143774329
  },
  "Get Morbidity" : {
    "transaction" : "Get Morbidity",
    "sampleCount" : 500,
    "errorCount" : 0,
    "errorPct" : 0.0,
    "meanResTime" : 363.8840000000003,
    "medianResTime" : 103.0,
    "minResTime" : 33.0,
    "maxResTime" : 2898.0,
    "pct1ResTime" : 1316.400000000004,
    "pct2ResTime" : 2254.0499999999997,
    "pct3ResTime" : 2795.6500000000005,
    "throughput" : 13.120260305964472,
    "receivedKBytesPerSec" : 153.84355975622555,
    "sentKBytesPerSec" : 2.818805925109554
  }
}