{
  "Post User" : {
    "transaction" : "Post User",
    "sampleCount" : 500,
    "errorCount" : 0,
    "errorPct" : 0.0,
    "meanResTime" : 2791.656000000003,
    "medianResTime" : 2501.0,
    "minResTime" : 428.0,
    "maxResTime" : 6127.0,
    "pct1ResTime" : 4788.7,
    "pct2ResTime" : 5389.199999999999,
    "pct3ResTime" : 5969.91,
    "throughput" : 10.687186063909373,
    "receivedKBytesPerSec" : 2.3160301111467354,
    "sentKBytesPerSec" : 6.834998196537352
  },
  "Delete User" : {
    "transaction" : "Delete User",
    "sampleCount" : 500,
    "errorCount" : 0,
    "errorPct" : 0.0,
    "meanResTime" : 2275.6319999999973,
    "medianResTime" : 1661.0,
    "minResTime" : 25.0,
    "maxResTime" : 6225.0,
    "pct1ResTime" : 4778.100000000003,
    "pct2ResTime" : 5302.95,
    "pct3ResTime" : 6019.410000000001,
    "throughput" : 12.283503255128362,
    "receivedKBytesPerSec" : 2.9489044650534333,
    "sentKBytesPerSec" : 3.225763112639725
  },
  "Total" : {
    "transaction" : "Total",
    "sampleCount" : 2000,
    "errorCount" : 0,
    "errorPct" : 0.0,
    "meanResTime" : 2308.840000000004,
    "medianResTime" : 1822.0,
    "minResTime" : 12.0,
    "maxResTime" : 6225.0,
    "pct1ResTime" : 4706.5,
    "pct2ResTime" : 5028.0,
    "pct3ResTime" : 5875.490000000001,
    "throughput" : 41.876923721183445,
    "receivedKBytesPerSec" : 1465.3725688482798,
    "sentKBytesPerSec" : 17.550643268807974
  },
  "Put User" : {
    "transaction" : "Put User",
    "sampleCount" : 500,
    "errorCount" : 0,
    "errorPct" : 0.0,
    "meanResTime" : 1723.909999999999,
    "medianResTime" : 1333.0,
    "minResTime" : 12.0,
    "maxResTime" : 5303.0,
    "pct1ResTime" : 4593.9,
    "pct2ResTime" : 4916.0,
    "pct3ResTime" : 5286.95,
    "throughput" : 11.011033055121231,
    "receivedKBytesPerSec" : 2.676541269351891,
    "sentKBytesPerSec" : 6.202566534167236
  },
  "Get Users" : {
    "transaction" : "Get Users",
    "sampleCount" : 500,
    "errorCount" : 0,
    "errorPct" : 0.0,
    "meanResTime" : 2444.1620000000007,
    "medianResTime" : 2187.5,
    "minResTime" : 82.0,
    "maxResTime" : 5277.0,
    "pct1ResTime" : 4738.900000000001,
    "pct2ResTime" : 4870.9,
    "pct3ResTime" : 5001.87,
    "throughput" : 10.883050736782534,
    "receivedKBytesPerSec" : 1515.6780973842588,
    "sentKBytesPerSec" : 2.2956435147900662
  }
}